Sample,Spacer,PAM,Raw_Counts_1
ctrl,oLS-1874,AAAA,53
ctrl,oLS-1874,AAAT,44
ctrl,oLS-1874,AAAC,28
ctrl,oLS-1874,AAAG,46
ctrl,oLS-1874,AATA,41
ctrl,oLS-1874,AATT,43
ctrl,oLS-1874,AATC,42
ctrl,oLS-1874,AATG,48
ctrl,oLS-1874,AACA,63
ctrl,oLS-1874,AACT,43
ctrl,oLS-1874,AACC,36
ctrl,oLS-1874,AACG,45
ctrl,oLS-1874,AAGA,56
ctrl,oLS-1874,AAGT,59
ctrl,oLS-1874,AAGC,57
ctrl,oLS-1874,AAGG,67
ctrl,oLS-1874,ATAA,52
ctrl,oLS-1874,ATAT,72
ctrl,oLS-1874,ATAC,43
ctrl,oLS-1874,ATAG,38
ctrl,oLS-1874,ATTA,44
ctrl,oLS-1874,ATTT,58
ctrl,oLS-1874,ATTC,53
ctrl,oLS-1874,ATTG,73
ctrl,oLS-1874,ATCA,73
ctrl,oLS-1874,ATCT,59
ctrl,oLS-1874,ATCC,56
ctrl,oLS-1874,ATCG,66
ctrl,oLS-1874,ATGA,80
ctrl,oLS-1874,ATGT,107
ctrl,oLS-1874,ATGC,74
ctrl,oLS-1874,ATGG,101
ctrl,oLS-1874,ACAA,65
ctrl,oLS-1874,ACAT,68
ctrl,oLS-1874,ACAC,49
ctrl,oLS-1874,ACAG,51
ctrl,oLS-1874,ACTA,61
ctrl,oLS-1874,ACTT,63
ctrl,oLS-1874,ACTC,54
ctrl,oLS-1874,ACTG,70
ctrl,oLS-1874,ACCA,57
ctrl,oLS-1874,ACCT,40
ctrl,oLS-1874,ACCC,34
ctrl,oLS-1874,ACCG,44
ctrl,oLS-1874,ACGA,57
ctrl,oLS-1874,ACGT,63
ctrl,oLS-1874,ACGC,49
ctrl,oLS-1874,ACGG,44
ctrl,oLS-1874,AGAA,56
ctrl,oLS-1874,AGAT,49
ctrl,oLS-1874,AGAC,35
ctrl,oLS-1874,AGAG,54
ctrl,oLS-1874,AGTA,79
ctrl,oLS-1874,AGTT,91
ctrl,oLS-1874,AGTC,60
ctrl,oLS-1874,AGTG,107
ctrl,oLS-1874,AGCA,89
ctrl,oLS-1874,AGCT,70
ctrl,oLS-1874,AGCC,46
ctrl,oLS-1874,AGCG,75
ctrl,oLS-1874,AGGA,74
ctrl,oLS-1874,AGGT,98
ctrl,oLS-1874,AGGC,72
ctrl,oLS-1874,AGGG,99
ctrl,oLS-1874,TAAA,52
ctrl,oLS-1874,TAAT,65
ctrl,oLS-1874,TAAC,60
ctrl,oLS-1874,TAAG,48
ctrl,oLS-1874,TATA,67
ctrl,oLS-1874,TATT,58
ctrl,oLS-1874,TATC,53
ctrl,oLS-1874,TATG,78
ctrl,oLS-1874,TACA,99
ctrl,oLS-1874,TACT,55
ctrl,oLS-1874,TACC,60
ctrl,oLS-1874,TACG,53
ctrl,oLS-1874,TAGA,94
ctrl,oLS-1874,TAGT,122
ctrl,oLS-1874,TAGC,90
ctrl,oLS-1874,TAGG,73
ctrl,oLS-1874,TTAA,75
ctrl,oLS-1874,TTAT,90
ctrl,oLS-1874,TTAC,59
ctrl,oLS-1874,TTAG,61
ctrl,oLS-1874,TTTA,99
ctrl,oLS-1874,TTTT,99
ctrl,oLS-1874,TTTC,89
ctrl,oLS-1874,TTTG,95
ctrl,oLS-1874,TTCA,109
ctrl,oLS-1874,TTCT,74
ctrl,oLS-1874,TTCC,71
ctrl,oLS-1874,TTCG,87
ctrl,oLS-1874,TTGA,100
ctrl,oLS-1874,TTGT,163
ctrl,oLS-1874,TTGC,116
ctrl,oLS-1874,TTGG,140
ctrl,oLS-1874,TCAA,83
ctrl,oLS-1874,TCAT,94
ctrl,oLS-1874,TCAC,75
ctrl,oLS-1874,TCAG,96
ctrl,oLS-1874,TCTA,83
ctrl,oLS-1874,TCTT,99
ctrl,oLS-1874,TCTC,78
ctrl,oLS-1874,TCTG,101
ctrl,oLS-1874,TCCA,53
ctrl,oLS-1874,TCCT,61
ctrl,oLS-1874,TCCC,61
ctrl,oLS-1874,TCCG,66
ctrl,oLS-1874,TCGA,115
ctrl,oLS-1874,TCGT,100
ctrl,oLS-1874,TCGC,95
ctrl,oLS-1874,TCGG,91
ctrl,oLS-1874,TGAA,107
ctrl,oLS-1874,TGAT,100
ctrl,oLS-1874,TGAC,64
ctrl,oLS-1874,TGAG,100
ctrl,oLS-1874,TGTA,132
ctrl,oLS-1874,TGTT,136
ctrl,oLS-1874,TGTC,110
ctrl,oLS-1874,TGTG,159
ctrl,oLS-1874,TGCA,154
ctrl,oLS-1874,TGCT,124
ctrl,oLS-1874,TGCC,83
ctrl,oLS-1874,TGCG,116
ctrl,oLS-1874,TGGA,160
ctrl,oLS-1874,TGGT,186
ctrl,oLS-1874,TGGC,125
ctrl,oLS-1874,TGGG,133
ctrl,oLS-1874,CAAA,85
ctrl,oLS-1874,CAAT,67
ctrl,oLS-1874,CAAC,53
ctrl,oLS-1874,CAAG,78
ctrl,oLS-1874,CATA,87
ctrl,oLS-1874,CATT,89
ctrl,oLS-1874,CATC,67
ctrl,oLS-1874,CATG,97
ctrl,oLS-1874,CACA,87
ctrl,oLS-1874,CACT,93
ctrl,oLS-1874,CACC,53
ctrl,oLS-1874,CACG,74
ctrl,oLS-1874,CAGA,102
ctrl,oLS-1874,CAGT,117
ctrl,oLS-1874,CAGC,88
ctrl,oLS-1874,CAGG,115
ctrl,oLS-1874,CTAA,73
ctrl,oLS-1874,CTAT,101
ctrl,oLS-1874,CTAC,51
ctrl,oLS-1874,CTAG,66
ctrl,oLS-1874,CTTA,94
ctrl,oLS-1874,CTTT,95
ctrl,oLS-1874,CTTC,84
ctrl,oLS-1874,CTTG,110
ctrl,oLS-1874,CTCA,93
ctrl,oLS-1874,CTCT,85
ctrl,oLS-1874,CTCC,63
ctrl,oLS-1874,CTCG,99
ctrl,oLS-1874,CTGA,119
ctrl,oLS-1874,CTGT,126
ctrl,oLS-1874,CTGC,109
ctrl,oLS-1874,CTGG,120
ctrl,oLS-1874,CCAA,66
ctrl,oLS-1874,CCAT,52
ctrl,oLS-1874,CCAC,72
ctrl,oLS-1874,CCAG,61
ctrl,oLS-1874,CCTA,63
ctrl,oLS-1874,CCTT,76
ctrl,oLS-1874,CCTC,75
ctrl,oLS-1874,CCTG,69
ctrl,oLS-1874,CCCA,75
ctrl,oLS-1874,CCCT,78
ctrl,oLS-1874,CCCC,59
ctrl,oLS-1874,CCCG,64
ctrl,oLS-1874,CCGA,72
ctrl,oLS-1874,CCGT,96
ctrl,oLS-1874,CCGC,66
ctrl,oLS-1874,CCGG,66
ctrl,oLS-1874,CGAA,98
ctrl,oLS-1874,CGAT,96
ctrl,oLS-1874,CGAC,56
ctrl,oLS-1874,CGAG,71
ctrl,oLS-1874,CGTA,126
ctrl,oLS-1874,CGTT,113
ctrl,oLS-1874,CGTC,82
ctrl,oLS-1874,CGTG,131
ctrl,oLS-1874,CGCA,98
ctrl,oLS-1874,CGCT,119
ctrl,oLS-1874,CGCC,83
ctrl,oLS-1874,CGCG,129
ctrl,oLS-1874,CGGA,134
ctrl,oLS-1874,CGGT,135
ctrl,oLS-1874,CGGC,100
ctrl,oLS-1874,CGGG,148
ctrl,oLS-1874,GAAA,48
ctrl,oLS-1874,GAAT,69
ctrl,oLS-1874,GAAC,51
ctrl,oLS-1874,GAAG,57
ctrl,oLS-1874,GATA,78
ctrl,oLS-1874,GATT,88
ctrl,oLS-1874,GATC,67
ctrl,oLS-1874,GATG,95
ctrl,oLS-1874,GACA,76
ctrl,oLS-1874,GACT,66
ctrl,oLS-1874,GACC,56
ctrl,oLS-1874,GACG,67
ctrl,oLS-1874,GAGA,89
ctrl,oLS-1874,GAGT,136
ctrl,oLS-1874,GAGC,66
ctrl,oLS-1874,GAGG,103
ctrl,oLS-1874,GTAA,96
ctrl,oLS-1874,GTAT,96
ctrl,oLS-1874,GTAC,68
ctrl,oLS-1874,GTAG,73
ctrl,oLS-1874,GTTA,125
ctrl,oLS-1874,GTTT,115
ctrl,oLS-1874,GTTC,93
ctrl,oLS-1874,GTTG,115
ctrl,oLS-1874,GTCA,106
ctrl,oLS-1874,GTCT,88
ctrl,oLS-1874,GTCC,91
ctrl,oLS-1874,GTCG,110
ctrl,oLS-1874,GTGA,149
ctrl,oLS-1874,GTGT,168
ctrl,oLS-1874,GTGC,179
ctrl,oLS-1874,GTGG,200
ctrl,oLS-1874,GCAA,110
ctrl,oLS-1874,GCAT,101
ctrl,oLS-1874,GCAC,67
ctrl,oLS-1874,GCAG,87
ctrl,oLS-1874,GCTA,102
ctrl,oLS-1874,GCTT,116
ctrl,oLS-1874,GCTC,89
ctrl,oLS-1874,GCTG,88
ctrl,oLS-1874,GCCA,79
ctrl,oLS-1874,GCCT,91
ctrl,oLS-1874,GCCC,74
ctrl,oLS-1874,GCCG,85
ctrl,oLS-1874,GCGA,95
ctrl,oLS-1874,GCGT,156
ctrl,oLS-1874,GCGC,73
ctrl,oLS-1874,GCGG,130
ctrl,oLS-1874,GGAA,96
ctrl,oLS-1874,GGAT,121
ctrl,oLS-1874,GGAC,90
ctrl,oLS-1874,GGAG,110
ctrl,oLS-1874,GGTA,139
ctrl,oLS-1874,GGTT,141
ctrl,oLS-1874,GGTC,127
ctrl,oLS-1874,GGTG,198
ctrl,oLS-1874,GGCA,132
ctrl,oLS-1874,GGCT,107
ctrl,oLS-1874,GGCC,95
ctrl,oLS-1874,GGCG,133
ctrl,oLS-1874,GGGA,166
ctrl,oLS-1874,GGGT,198
ctrl,oLS-1874,GGGC,150
ctrl,oLS-1874,GGGG,190
